datID,cohort,week,session,mouseID,expID,rawPath,firstTiff
1,coh1,w11,ses1_20210915,M10,contrast,/mnt/Toshiba_16TB_1/1.1 cohort1_hsynG7f_11weeks_raw tiff/M10_PVtd_3mm/RAW/Contrast,Contrast_M110_00001_00001.tif
2,coh1,w11,ses1_20210915,M10,DR,/mnt/Toshiba_16TB_1/1.1 cohort1_hsynG7f_11weeks_raw tiff/M10_PVtd_3mm/RAW/DR,DR_M10_00001_00001.tif
3,coh1,w11,ses1_20210915,M10,OO,/mnt/Toshiba_16TB_1/1.1 cohort1_hsynG7f_11weeks_raw tiff/M10_PVtd_3mm/RAW/OO,OO_M10_00001_00001.tif
4,coh1,w11,ses1_20210915,M10,OR,/mnt/Toshiba_16TB_1/1.1 cohort1_hsynG7f_11weeks_raw tiff/M10_PVtd_3mm/RAW/OR,OR_M10_00001_00001.tif
5,coh1,w11,ses1_20210915,M10,OR2,/mnt/Toshiba_16TB_1/1.1 cohort1_hsynG7f_11weeks_raw tiff/M10_PVtd_3mm/RAW/OR_2,OR_M10_00002_00001.tif
6,coh1,w11,ses2_20210916,M10,SF,/mnt/Toshiba_16TB_1/1.1 cohort1_hsynG7f_11weeks_raw tiff/M10_PVtd_3mm/RAW/SF,SF_M10_00001_00001.tif
7,coh1,w11,ses2_20210916,M10,TF,/mnt/Toshiba_16TB_1/1.1 cohort1_hsynG7f_11weeks_raw tiff/M10_PVtd_3mm/RAW/TF,TF_M10_00001_00001.tif
8,coh1,w11,ses1_20210915,M10,RF,/mnt/Toshiba_16TB_1/1.1 cohort1_hsynG7f_11weeks_raw tiff/M10_PVtd_3mm/RAW/RF,RF_M10_00001_00001.tif
9,coh1,w11,ses1_20210915,M11,contrast,/mnt/Toshiba_16TB_1/1.1 cohort1_hsynG7f_11weeks_raw tiff/M11_pvtd_3mm/RAW/Contrast,Contrast_M11_00001_00001.tif
10,coh1,w11,ses1_20210915,M11,DR,/mnt/Toshiba_16TB_1/1.1 cohort1_hsynG7f_11weeks_raw tiff/M11_pvtd_3mm/RAW/DR,DR_M11_00001_00001.tif
11,coh1,w11,ses1_20210915,M11,OR,/mnt/Toshiba_16TB_1/1.1 cohort1_hsynG7f_11weeks_raw tiff/M11_pvtd_3mm/RAW/OR,OR_M11_00001_00001.tif
12,coh1,w11,ses1_20210915,M11,OO,/mnt/Toshiba_16TB_1/1.1 cohort1_hsynG7f_11weeks_raw tiff/M11_pvtd_3mm/RAW/OO,OO_M11_00001_00001.tif
13,coh1,w11,ses1_20210915,M11,RF,/mnt/Toshiba_16TB_1/1.1 cohort1_hsynG7f_11weeks_raw tiff/M11_pvtd_3mm/RAW/RF,RF_M11_00001_00001.tif
14,coh1,w11,ses1_20210915,M11,TF,/mnt/Toshiba_16TB_1/1.1 cohort1_hsynG7f_11weeks_raw tiff/M11_pvtd_3mm/RAW/TF,TF_M11_00001_00001.tif
15,coh1,w11,ses1_20210915,M11,SF,/mnt/Toshiba_16TB_1/1.1 cohort1_hsynG7f_11weeks_raw tiff/M11_pvtd_3mm/RAW/SF,SF_M11_00001_00001.tif
16,coh1,w11,ses1_20210913,M12,contrast,/mnt/Toshiba_16TB_1/1.1 cohort1_hsynG7f_11weeks_raw tiff/M12_mecp2pvtd_3mm/RAW/Contrast,Contrast_M12_00001_00001.tif
17,coh1,w11,ses2_20210914,M12,contrast,/mnt/Toshiba_16TB_1/1.1 cohort1_hsynG7f_11weeks_raw tiff/M12_mecp2pvtd_3mm/RAW/Contrast_0914,Contrast_M12_00001_00001.tif
18,coh1,w11,ses1_20210913,M12,DR,/mnt/Toshiba_16TB_1/1.1 cohort1_hsynG7f_11weeks_raw tiff/M12_mecp2pvtd_3mm/RAW/DR,DR_M12_00001_00001.tif
19,coh1,w11,ses1_20210913,M12,OR,/mnt/Toshiba_16TB_1/1.1 cohort1_hsynG7f_11weeks_raw tiff/M12_mecp2pvtd_3mm/RAW/OR,OR_M12_00001_00001.tif
20,coh1,w11,ses1_20210913,M12,OO,/mnt/Toshiba_16TB_1/1.1 cohort1_hsynG7f_11weeks_raw tiff/M12_mecp2pvtd_3mm/RAW/OO,oo_M12_00001_00001.tif
21,coh1,w11,ses2_20210914,M12,RF,/mnt/Toshiba_16TB_1/1.1 cohort1_hsynG7f_11weeks_raw tiff/M12_mecp2pvtd_3mm/RAW/RF_0914,RF_M12_00001_00001.tif
22,coh1,w11,ses1_20210913,M12,RF,/mnt/Toshiba_16TB_1/1.1 cohort1_hsynG7f_11weeks_raw tiff/M12_mecp2pvtd_3mm/RAW/RF,RF_M12_00001_00001.tif
23,coh1,w11,ses1_20210913,M12,TF,/mnt/Toshiba_16TB_1/1.1 cohort1_hsynG7f_11weeks_raw tiff/M12_mecp2pvtd_3mm/RAW/TF,TF_M12_00001_00001.tif
24,coh1,w11,ses1_20210913,M12,SF,/mnt/Toshiba_16TB_1/1.1 cohort1_hsynG7f_11weeks_raw tiff/M12_mecp2pvtd_3mm/RAW/SF,SF_M12_00001_00001.tif
25,coh1,w11,ses1_20210918,M18,contrast,/mnt/Toshiba_16TB_1/1.1 cohort1_hsynG7f_11weeks_raw tiff/M18/RAW/Contrast,contrast_M18_00001_00001.tif
26,coh1,w11,ses1_20210918,M18,DR,/mnt/Toshiba_16TB_1/1.1 cohort1_hsynG7f_11weeks_raw tiff/M18/RAW/DR,DR_M18_00001_00001.tif
27,coh1,w11,ses1_20210918,M18,OR,/mnt/Toshiba_16TB_1/1.1 cohort1_hsynG7f_11weeks_raw tiff/M18/RAW/OR,OR_M18_00001_00001.tif
28,coh1,w11,ses1_20210918,M18,OO,/mnt/Toshiba_16TB_1/1.1 cohort1_hsynG7f_11weeks_raw tiff/M18/RAW/OO,OO_M18_00001_00001.tif
29,coh1,w11,ses1_20210918,M18,RF,/mnt/Toshiba_16TB_1/1.1 cohort1_hsynG7f_11weeks_raw tiff/M18/RAW/RF,RF_M18_00001_00001.tif
30,coh1,w11,ses1_20210918,M18,TF,/mnt/Toshiba_16TB_1/1.1 cohort1_hsynG7f_11weeks_raw tiff/M18/RAW/TF,TF_M18_00001_00001.tif
31,coh1,w11,ses1_20210918,M18,SF,/mnt/Toshiba_16TB_1/1.1 cohort1_hsynG7f_11weeks_raw tiff/M18/RAW/SF,SF_M18_00001_00001.tif
32,coh1,w11,ses1_20210917,M20,contrast,/mnt/Toshiba_16TB_1/1.1 cohort1_hsynG7f_11weeks_raw tiff/M20_Mecp2_pvtd_3mm/RAW/Contrast,contrast_M18_00001_00001.tif
33,coh1,w11,ses1_20210917,M20,DR,/mnt/Toshiba_16TB_1/1.1 cohort1_hsynG7f_11weeks_raw tiff/M20_Mecp2_pvtd_3mm/RAW/DR,DR_M18_00001_00001.tif
34,coh1,w11,ses1_20210917,M20,DR2,/mnt/Toshiba_16TB_1/1.1 cohort1_hsynG7f_11weeks_raw tiff/M20_Mecp2_pvtd_3mm/RAW/DR_2,DR_M18_00002_00001.tif
35,coh1,w11,ses1_20210917,M20,OR,/mnt/Toshiba_16TB_1/1.1 cohort1_hsynG7f_11weeks_raw tiff/M20_Mecp2_pvtd_3mm/RAW/OR,OR_M18_00001_00001.tif
36,coh1,w11,ses1_20210917,M20,OR2,/mnt/Toshiba_16TB_1/1.1 cohort1_hsynG7f_11weeks_raw tiff/M20_Mecp2_pvtd_3mm/RAW/OR_2,OR_M18_00002_00001.tif
37,coh1,w11,ses1_20210917,M20,OR3,/mnt/Toshiba_16TB_1/1.1 cohort1_hsynG7f_11weeks_raw tiff/M20_Mecp2_pvtd_3mm/RAW/OR_3,OR_M18_00003_00001.tif
38,coh1,w11,ses2_20210918,M20,OR,/mnt/Toshiba_16TB_1/1.1 cohort1_hsynG7f_11weeks_raw tiff/M20_Mecp2_pvtd_3mm/RAW/OR_4,OR_M20_00001_00001.tif
39,coh1,w11,ses1_20210917,M20,OO,/mnt/Toshiba_16TB_1/1.1 cohort1_hsynG7f_11weeks_raw tiff/M20_Mecp2_pvtd_3mm/RAW/OO,OO_M20_00001_00001.tif
40,coh1,w11,ses1_20210917,M20,RF,/mnt/Toshiba_16TB_1/1.1 cohort1_hsynG7f_11weeks_raw tiff/M20_Mecp2_pvtd_3mm/RAW/RF,RF_M18_00001_00001.tif
41,coh1,w11,ses1_20210917,M20,TF,/mnt/Toshiba_16TB_1/1.1 cohort1_hsynG7f_11weeks_raw tiff/M20_Mecp2_pvtd_3mm/RAW/TF,TF_M18_00001_00001.tif
42,coh1,w11,ses1_20210917,M20,TF2,/mnt/Toshiba_16TB_1/1.1 cohort1_hsynG7f_11weeks_raw tiff/M20_Mecp2_pvtd_3mm/RAW/TF_2,TF_M20_00001_00001.tif
43,coh1,w11,ses1_20210917,M20,SF,/mnt/Toshiba_16TB_1/1.1 cohort1_hsynG7f_11weeks_raw tiff/M20_Mecp2_pvtd_3mm/RAW/SF,SF_M20_00001_00001.tif
44,coh1,w11,ses1_20210919,M22,contrast,/mnt/Toshiba_16TB_1/1.1 cohort1_hsynG7f_11weeks_raw tiff/M22/RAW/Contrast,Contrast_M22_00001_00001.tif
45,coh1,w11,ses1_20210919,M22,DR,/mnt/Toshiba_16TB_1/1.1 cohort1_hsynG7f_11weeks_raw tiff/M22/RAW/DR,DR_M22_00001_00001.tif
46,coh1,w11,ses1_20210919,M22,OR,/mnt/Toshiba_16TB_1/1.1 cohort1_hsynG7f_11weeks_raw tiff/M22/RAW/OR,OR_M22_00001_00001.tif
47,coh1,w11,ses1_20210919,M22,OR2,/mnt/Toshiba_16TB_1/1.1 cohort1_hsynG7f_11weeks_raw tiff/M22/RAW/OR_2,OR_M22_00002_00001.tif
48,coh1,w11,ses1_20210919,M22,OO,/mnt/Toshiba_16TB_1/1.1 cohort1_hsynG7f_11weeks_raw tiff/M22/RAW/OO,oo_M22_00001_00001.tif
49,coh1,w11,ses1_20210919,M22,RF,/mnt/Toshiba_16TB_1/1.1 cohort1_hsynG7f_11weeks_raw tiff/M22/RAW/RF,RF_M22_00001_00001.tif
50,coh1,w11,ses1_20210919,M22,TF,/mnt/Toshiba_16TB_1/1.1 cohort1_hsynG7f_11weeks_raw tiff/M22/RAW/TF,TF_M22_00001_00001.tif
51,coh1,w11,ses1_20210919,M22,SF,/mnt/Toshiba_16TB_1/1.1 cohort1_hsynG7f_11weeks_raw tiff/M22/RAW/SF,SF_M22_00001_00001.tif
52,coh1,w11,ses1_20210916,M25,contrast,/mnt/Toshiba_16TB_1/1.1 cohort1_hsynG7f_11weeks_raw tiff/M25_Mecp2_PV_td_3mm/RAW/Contrast,Contrast_M25_00001_00001.tif
53,coh1,w11,ses1_20210916,M25,DR,/mnt/Toshiba_16TB_1/1.1 cohort1_hsynG7f_11weeks_raw tiff/M25_Mecp2_PV_td_3mm/RAW/DR,DR_M25_00001_00001.tif
54,coh1,w11,ses1_20210916,M25,OR,/mnt/Toshiba_16TB_1/1.1 cohort1_hsynG7f_11weeks_raw tiff/M25_Mecp2_PV_td_3mm/RAW/OR,OR_M25_00001_00001.tif
55,coh1,w11,ses1_20210916,M25,OO,/mnt/Toshiba_16TB_1/1.1 cohort1_hsynG7f_11weeks_raw tiff/M25_Mecp2_PV_td_3mm/RAW/OO,OO_M25_00001_00001.tif
56,coh1,w11,ses1_20210916,M25,RF,/mnt/Toshiba_16TB_1/1.1 cohort1_hsynG7f_11weeks_raw tiff/M25_Mecp2_PV_td_3mm/RAW/RF,RF_M25_00001_00001.tif
57,coh1,w11,ses1_20210916,M25,TF,/mnt/Toshiba_16TB_1/1.1 cohort1_hsynG7f_11weeks_raw tiff/M25_Mecp2_PV_td_3mm/RAW/TF,TF_M25_00001_00001.tif
58,coh1,w11,ses1_20210916,M25,SF,/mnt/Toshiba_16TB_1/1.1 cohort1_hsynG7f_11weeks_raw tiff/M25_Mecp2_PV_td_3mm/RAW/SF,SF_M25_00001_00001.tif
59,coh1,w11,ses2_20210913,M19,contrast,/mnt/Toshiba_16TB_1/1.1 cohort1_hsynG7f_11weeks_raw tiff/M19_mecp2pvtd_3mm/RAW/Contrast,Contrast_M19_00001_00001.tif
60,coh1,w11,ses1_20210910,M19,DR,/mnt/Toshiba_16TB_1/1.1 cohort1_hsynG7f_11weeks_raw tiff/M19_mecp2pvtd_3mm/RAW/DR_1,DR_M19_00001_00001.tif
61,coh1,w11,ses1_20210910,M19,DR2,/mnt/Toshiba_16TB_1/1.1 cohort1_hsynG7f_11weeks_raw tiff/M19_mecp2pvtd_3mm/RAW/DR_2,DR_M19_00002_00001.tif
62,coh1,w11,ses1_20210910,M19,DR3,/mnt/Toshiba_16TB_1/1.1 cohort1_hsynG7f_11weeks_raw tiff/M19_mecp2pvtd_3mm/RAW/DR_3,DR_M19_00003_00001.tif
63,coh1,w11,ses2_20210913,M19,OO,/mnt/Toshiba_16TB_1/1.1 cohort1_hsynG7f_11weeks_raw tiff/M19_mecp2pvtd_3mm/RAW/OO,OO_M19_00001_00001.tif
64,coh1,w11,ses2_20210913,M19,OR,/mnt/Toshiba_16TB_1/1.1 cohort1_hsynG7f_11weeks_raw tiff/M19_mecp2pvtd_3mm/RAW/OR,OR_M19_00001_00001.tif
65,coh1,w11,ses2_20210913,M19,RF,/mnt/Toshiba_16TB_1/1.1 cohort1_hsynG7f_11weeks_raw tiff/M19_mecp2pvtd_3mm/RAW/RF,RF_M19_00001_00001.tif
66,coh1,w11,ses2_20210913,M19,RF2,/mnt/Toshiba_16TB_1/1.1 cohort1_hsynG7f_11weeks_raw tiff/M19_mecp2pvtd_3mm/RAW/RF_2,RF_M19_00002_00001.tif
67,coh1,w11,ses2_20210913,M19,SF,/mnt/Toshiba_16TB_1/1.1 cohort1_hsynG7f_11weeks_raw tiff/M19_mecp2pvtd_3mm/RAW/SF,SF_M19_00001_00001.tif
68,coh1,w11,ses2_20210913,M19,TF,/mnt/Toshiba_16TB_1/1.1 cohort1_hsynG7f_11weeks_raw tiff/M19_mecp2pvtd_3mm/RAW/TF,TF_M19_00001_00001.tif
69,coh1,w11,ses1_20211231,M91,contrast,/mnt/Toshiba_16TB_1/1.1 cohort1_hsynG7f_11weeks_raw tiff/M91/20211231_group1/Contrast/,M91_Contrast_00001_00001.tif
70,coh1,w11,ses1_20211231,M91,contrast2,/mnt/Toshiba_16TB_1/1.1 cohort1_hsynG7f_11weeks_raw tiff/M91/20211231_group1/contrast2/,M91_contrast2_00001_00001.tif
71,coh1,w11,ses1_20211231,M91,DR,/mnt/Toshiba_16TB_1/1.1 cohort1_hsynG7f_11weeks_raw tiff/M91/20211231_group1/DR,M91_DR_00002_00001.tif
72,coh1,w11,ses1_20211231,M91,OO,/mnt/Toshiba_16TB_1/1.1 cohort1_hsynG7f_11weeks_raw tiff/M91/20211231_group1/OO,M91_OO_00001_00001.tif
73,coh1,w11,ses1_20211231,M91,OR,/mnt/Toshiba_16TB_1/1.1 cohort1_hsynG7f_11weeks_raw tiff/M91/20211231_group1/OR,M91_OR_00001_00001.tif
74,coh1,w11,ses1_20211231,M91,RF,/mnt/Toshiba_16TB_1/1.1 cohort1_hsynG7f_11weeks_raw tiff/M91/20211231_group1/RF,M91_RF_00001_00001.tif
75,coh1,w11,ses1_20211231,M91,SF,/mnt/Toshiba_16TB_1/1.1 cohort1_hsynG7f_11weeks_raw tiff/M91/20211231_group1/SF,M91_SF_00001_00001.tif
76,coh1,w11,ses1_20211231,M91,TF,/mnt/Toshiba_16TB_1/1.1 cohort1_hsynG7f_11weeks_raw tiff/M91/20211231_group1/TF,M91_TF_00001_00001.tif
77,coh1,w11,ses2_20220102,M91,contrast,/mnt/Toshiba_16TB_1/1.1 cohort1_hsynG7f_11weeks_raw tiff/M91/20220102_group2_250umdown/contrast,M91_contrast_00001_00001.tif
78,coh1,w11,ses2_20220102,M91,DR,/mnt/Toshiba_16TB_1/1.1 cohort1_hsynG7f_11weeks_raw tiff/M91/20220102_group2_250umdown/DR,M91_DR_00001_00001.tif
79,coh1,w11,ses2_20220102,M91,OO,/mnt/Toshiba_16TB_1/1.1 cohort1_hsynG7f_11weeks_raw tiff/M91/20220102_group2_250umdown/OO,M91_OO_00001_00001.tif
80,coh1,w11,ses2_20220102,M91,OR,/mnt/Toshiba_16TB_1/1.1 cohort1_hsynG7f_11weeks_raw tiff/M91/20220102_group2_250umdown/OR,M91_OR_00001_00001.tif
81,coh1,w11,ses2_20220102,M91,RF,/mnt/Toshiba_16TB_1/1.1 cohort1_hsynG7f_11weeks_raw tiff/M91/20220102_group2_250umdown/RF,M91_RF_00001_00001.tif
82,coh1,w11,ses2_20220102,M91,SF,/mnt/Toshiba_16TB_1/1.1 cohort1_hsynG7f_11weeks_raw tiff/M91/20220102_group2_250umdown/SF,M91_SF_00001_00001.tif
83,coh1,w11,ses2_20220102,M91,TF,/mnt/Toshiba_16TB_1/1.1 cohort1_hsynG7f_11weeks_raw tiff/M91/20220102_group2_250umdown/TF,M91_TF_00001_00001.tif
84,coh1,w22,ses1_20211127,M11,contrast,/mnt/Toshiba_16TB_1/1.3 MeCP2_cohort1_22 weeks raw and processed/M11/20211127/Contrast,M11_Contrast_00001_00001.tif
85,coh1,w22,ses1_20211127,M11,DR,/mnt/Toshiba_16TB_1/1.3 MeCP2_cohort1_22 weeks raw and processed/M11/20211127/DR,M11_DR_00001_00001.tif
86,coh1,w22,ses1_20211127,M11,OO,/mnt/Toshiba_16TB_1/1.3 MeCP2_cohort1_22 weeks raw and processed/M11/20211127/OO,M11_oo_00001_00001.tif
87,coh1,w22,ses1_20211127,M11,OR,/mnt/Toshiba_16TB_1/1.3 MeCP2_cohort1_22 weeks raw and processed/M11/20211127/OR,M11_OR_00001_00001.tif
88,coh1,w22,ses1_20211127,M11,SF,/mnt/Toshiba_16TB_1/1.3 MeCP2_cohort1_22 weeks raw and processed/M11/20211127/SF,M11_SF_00001_00001.tif
89,coh1,w22,ses1_20211127,M11,TF,/mnt/Toshiba_16TB_1/1.3 MeCP2_cohort1_22 weeks raw and processed/M11/20211127/TF,M11_TF_00001_00001.tif
90,coh1,w22,ses1_20211127,M11,RF,/mnt/Toshiba_16TB_1/1.3 MeCP2_cohort1_22 weeks raw and processed/M11/20211127/RF,M11_RF_00001_00001.tif
91,coh1,w22,ses1_20211125,M12,contrast,/mnt/Toshiba_16TB_1/1.3 MeCP2_cohort1_22 weeks raw and processed/M12/20211125/Contrast,M12_contrast_00001_00001.tif
92,coh1,w22,ses2_20211203,M12,contrast,/mnt/Toshiba_16TB_1/1.3 MeCP2_cohort1_22 weeks raw and processed/M12/20211203_m12/Contrast,M12_contrast_00001_00001.tif
93,coh1,w22,ses1_20211125,M12,DR,/mnt/Toshiba_16TB_1/1.3 MeCP2_cohort1_22 weeks raw and processed/M12/20211125/DR,M12_DR_00001_00001.tif
94,coh1,w22,ses2_20211203,M12,DR,/mnt/Toshiba_16TB_1/1.3 MeCP2_cohort1_22 weeks raw and processed/M12/20211203_m12/DR,M12_DR_00001_00001.tif
95,coh1,w22,ses1_20211125,M12,OO,/mnt/Toshiba_16TB_1/1.3 MeCP2_cohort1_22 weeks raw and processed/M12/20211125/OO,M12_OO_00001_00001.tif
96,coh1,w22,ses1_20211125,M12,OR,/mnt/Toshiba_16TB_1/1.3 MeCP2_cohort1_22 weeks raw and processed/M12/20211125/OR,M12_OR_00001_00001.tif
97,coh1,w22,ses1_20211125,M12,SF,/mnt/Toshiba_16TB_1/1.3 MeCP2_cohort1_22 weeks raw and processed/M12/20211125/SF,M12_SF_00001_00001.tif
98,coh1,w22,ses1_20211125,M12,TF,/mnt/Toshiba_16TB_1/1.3 MeCP2_cohort1_22 weeks raw and processed/M12/20211125/TF,M12_TF_00001_00001.tif
99,coh1,w22,ses1_20211125,M12,RF,/mnt/Toshiba_16TB_1/1.3 MeCP2_cohort1_22 weeks raw and processed/M12/20211125/RF,M12_RF_00001_00001.tif
100,coh1,w22,ses2_20211203,M12,contrast2,/mnt/Toshiba_16TB_1/1.3 MeCP2_cohort1_22 weeks raw and processed/M12/20211203_m12/contrast_2,M12_contrast_00001_00001.tif
101,coh1,w22,ses2_20211203,M12,SF,/mnt/Toshiba_16TB_1/1.3 MeCP2_cohort1_22 weeks raw and processed/M12/20211203_m12/SF,M12_SF_00001_00001.tif
102,coh1,w22,ses2_20211203,M12,TF,/mnt/Toshiba_16TB_1/1.3 MeCP2_cohort1_22 weeks raw and processed/M12/20211203_m12/TF,M12_TF_00001_00001.tif
103,coh1,w22,ses2_20211203,M12,OO,/mnt/Toshiba_16TB_1/1.3 MeCP2_cohort1_22 weeks raw and processed/M12/20211203_m12/OO,M12_OO_00001_00001.tif
104,coh1,w22,ses2_20211203,M12,RF,/mnt/Toshiba_16TB_1/1.3 MeCP2_cohort1_22 weeks raw and processed/M12/20211203_m12/RF,M12_RF_00001_00001.tif
105,coh1,w22,ses2_20211203,M12,OR,/mnt/Toshiba_16TB_1/1.3 MeCP2_cohort1_22 weeks raw and processed/M12/20211203_m12/OR,M12_OR_00001_00001.tif
106,coh1,w22,ses1_20211130,M18,contrast,/mnt/Toshiba_16TB_1/1.3 MeCP2_cohort1_22 weeks raw and processed/M18/20211130/Contrast,M18_contrast_00001_00001.tif
107,coh1,w22,ses1_20211130,M18,DR,/mnt/Toshiba_16TB_1/1.3 MeCP2_cohort1_22 weeks raw and processed/M18/20211130/DR,M18_DR_00001_00001.tif
108,coh1,w22,ses1_20211130,M18,OO,/mnt/Toshiba_16TB_1/1.3 MeCP2_cohort1_22 weeks raw and processed/M18/20211130/OO,M18_OO_00001_00001.tif
109,coh1,w22,ses1_20211130,M18,OR,/mnt/Toshiba_16TB_1/1.3 MeCP2_cohort1_22 weeks raw and processed/M18/20211130/OR,M18_OR_00001_00001.tif
110,coh1,w22,ses1_20211130,M18,SF,/mnt/Toshiba_16TB_1/1.3 MeCP2_cohort1_22 weeks raw and processed/M18/20211130/SF,M18_SF_00001_00001.tif
111,coh1,w22,ses1_20211130,M18,TF,/mnt/Toshiba_16TB_1/1.3 MeCP2_cohort1_22 weeks raw and processed/M18/20211130/TF,M18_TF_00001_00001.tif
112,coh1,w22,ses1_20211130,M18,RF,/mnt/Toshiba_16TB_1/1.3 MeCP2_cohort1_22 weeks raw and processed/M18/20211130/RF,M18_RF_00001_00001.tif
113,coh1,w22,ses1_20211123,M19,contrast,/mnt/Toshiba_16TB_1/1.3 MeCP2_cohort1_22 weeks raw and processed/M19/20211123_timepoit2/contrast,M19_contrast_00001_00001.tif
114,coh1,w22,ses2_20211124,M19,DR,/mnt/Toshiba_16TB_1/1.3 MeCP2_cohort1_22 weeks raw and processed/M19/20211124_withZstack/DR,M19_DR_00001_00001.tif
115,coh1,w22,ses2_20211124,M19,OO,/mnt/Toshiba_16TB_1/1.3 MeCP2_cohort1_22 weeks raw and processed/M19/20211124_withZstack/OO,M19_OO_00001_00001.tif
116,coh1,w22,ses2_20211124,M19,OO2,/mnt/Toshiba_16TB_1/1.3 MeCP2_cohort1_22 weeks raw and processed/M19/20211124_withZstack/OO_2,M19_OO_00002_00001.tif
117,coh1,w22,ses2_20211124,M19,OR,/mnt/Toshiba_16TB_1/1.3 MeCP2_cohort1_22 weeks raw and processed/M19/20211123_timepoit2/OR,M19_OR_00001_00001.tif
118,coh1,w22,ses2_20211124,M19,SF,/mnt/Toshiba_16TB_1/1.3 MeCP2_cohort1_22 weeks raw and processed/M19/20211124_withZstack/SF,M19_SF_00001_00001.tif
119,coh1,w22,ses2_20211124,M19,TF,/mnt/Toshiba_16TB_1/1.3 MeCP2_cohort1_22 weeks raw and processed/M19/20211124_withZstack/TF,M19_TF_00001_00001.tif
120,coh1,w22,ses2_20211124,M19,RF,/mnt/Toshiba_16TB_1/1.3 MeCP2_cohort1_22 weeks raw and processed/M19/20211124_withZstack/RF,M19_RF_00001_00001.tif
121,coh1,w22,ses2_20211124,M19,RF2,/mnt/Toshiba_16TB_1/1.3 MeCP2_cohort1_22 weeks raw and processed/M19/20211124_withZstack/RF_2,M19_RF_00002_00001.tif
122,coh1,w22,ses1_20211129,M20,contrast,/mnt/Toshiba_16TB_1/1.3 MeCP2_cohort1_22 weeks raw and processed/M20/20211129/Contrast,M20_contrast_00001_00001.tif
123,coh1,w22,ses1_20211129,M20,DR,/mnt/Toshiba_16TB_1/1.3 MeCP2_cohort1_22 weeks raw and processed/M20/20211129/DR,M20_DR_00001_00001.tif
124,coh1,w22,ses1_20211129,M20,OO,/mnt/Toshiba_16TB_1/1.3 MeCP2_cohort1_22 weeks raw and processed/M20/20211129/OO,M20_OO_00001_00001.tif
125,coh1,w22,ses1_20211129,M20,OR,/mnt/Toshiba_16TB_1/1.3 MeCP2_cohort1_22 weeks raw and processed/M20/20211129/OR,M20_OR_00001_00001.tif
126,coh1,w22,ses1_20211129,M20,SF,/mnt/Toshiba_16TB_1/1.3 MeCP2_cohort1_22 weeks raw and processed/M20/20211129/SF,M20_SF_00001_00001.tif
127,coh1,w22,ses1_20211129,M20,TF,/mnt/Toshiba_16TB_1/1.3 MeCP2_cohort1_22 weeks raw and processed/M20/20211129/TF,M20_TF_00001_00001.tif
128,coh1,w22,ses1_20211129,M20,RF,/mnt/Toshiba_16TB_1/1.3 MeCP2_cohort1_22 weeks raw and processed/M20/20211129/RF,M20_RF_00001_00001.tif
129,coh1,w22,ses1_20211201,M22,contrast,/mnt/Toshiba_16TB_1/1.3 MeCP2_cohort1_22 weeks raw and processed/M22/20211201/Contrast,M22_Contrast_00001_00001.tif
130,coh1,w22,ses1_20211201,M22,DR,/mnt/Toshiba_16TB_1/1.3 MeCP2_cohort1_22 weeks raw and processed/M22/20211201/DR,M22_DR_00001_00001.tif
131,coh1,w22,ses1_20211201,M22,OO,/mnt/Toshiba_16TB_1/1.3 MeCP2_cohort1_22 weeks raw and processed/M22/20211201/OO,M22_OO_00001_00001.tif
132,coh1,w22,ses1_20211201,M22,OR,/mnt/Toshiba_16TB_1/1.3 MeCP2_cohort1_22 weeks raw and processed/M22/20211201/OR,M22_OR_00001_00001.tif
133,coh1,w22,ses1_20211201,M22,SF,/mnt/Toshiba_16TB_1/1.3 MeCP2_cohort1_22 weeks raw and processed/M22/20211201/SF,M22_SF_00001_00001.tif
134,coh1,w22,ses1_20211201,M22,TF,/mnt/Toshiba_16TB_1/1.3 MeCP2_cohort1_22 weeks raw and processed/M22/20211201/TF,M22_TF_00001_00001.tif
135,coh1,w22,ses1_20211201,M22,RF,/mnt/Toshiba_16TB_1/1.3 MeCP2_cohort1_22 weeks raw and processed/M22/20211201/RF,M22_RF_00001_00001.tif
136,coh1,w22,ses1_20220103,M91,contrast,/mnt/Toshiba_16TB_1/1.3 MeCP2_cohort1_22 weeks raw and processed/M91_03012022_22weeks/Contrast,M91_contrast_00001_00001.tif
137,coh1,w22,ses1_20220103,M91,DR,/mnt/Toshiba_16TB_1/1.3 MeCP2_cohort1_22 weeks raw and processed/M91_03012022_22weeks/DR,M91_DR_00001_00001.tif
138,coh1,w22,ses1_20220103,M91,OO,/mnt/Toshiba_16TB_1/1.3 MeCP2_cohort1_22 weeks raw and processed/M91_03012022_22weeks/OO,M91_OO_00001_00001.tif
139,coh1,w22,ses1_20220103,M91,OR,/mnt/Toshiba_16TB_1/1.3 MeCP2_cohort1_22 weeks raw and processed/M91_03012022_22weeks/OR,M91_OR_00001_00001.tif
140,coh1,w22,ses1_20220103,M91,SF,/mnt/Toshiba_16TB_1/1.3 MeCP2_cohort1_22 weeks raw and processed/M91_03012022_22weeks/SF,M91_TF_00001_00001.tif
141,coh1,w22,ses1_20220103,M91,TF,/mnt/Toshiba_16TB_1/1.3 MeCP2_cohort1_22 weeks raw and processed/M91_03012022_22weeks/TF,M91_TF_00001_00001.tif
142,coh1,w22,ses1_20220103,M91,RF,/mnt/Toshiba_16TB_1/1.3 MeCP2_cohort1_22 weeks raw and processed/M91_03012022_22weeks/RF,M91_RF_00001_00001.tif
143,coh1,w22,ses1_20220318,M117,contrast,/mnt/Toshiba_16TB_1/1.3 MeCP2_cohort1_22 weeks raw and processed/M117_22weeks/Contrast,M117_contrast_00002_00001.tif
144,coh1,w22,ses1_20220318,M117,DR,/mnt/Toshiba_16TB_1/1.3 MeCP2_cohort1_22 weeks raw and processed/M117_22weeks/DR,M117_DR_00001_00001.tif
145,coh1,w22,ses1_20220318,M117,OO,/mnt/Toshiba_16TB_1/1.3 MeCP2_cohort1_22 weeks raw and processed/M117_22weeks/OO,M117_OO_00001_00001.tif
146,coh1,w22,ses1_20220318,M117,OR,/mnt/Toshiba_16TB_1/1.3 MeCP2_cohort1_22 weeks raw and processed/M117_22weeks/OR,M117_OR_00001_00001.tif
147,coh1,w22,ses1_20220318,M117,SF,/mnt/Toshiba_16TB_1/1.3 MeCP2_cohort1_22 weeks raw and processed/M117_22weeks/SF,M117_SF_00001_00001.tif
148,coh1,w22,ses1_20220318,M117,TF,/mnt/Toshiba_16TB_1/1.3 MeCP2_cohort1_22 weeks raw and processed/M117_22weeks/TF_filenamedSF/,M117_SF_00001_00001.tif
149,coh1,w22,ses1_20220318,M117,RF,/mnt/Toshiba_16TB_1/1.3 MeCP2_cohort1_22 weeks raw and processed/M117_22weeks/RF,M117_RF_00001_00001.tif
150,coh1,w22,ses1_20220318,M117,contrast2,/mnt/Toshiba_16TB_1/1.3 MeCP2_cohort1_22 weeks raw and processed/M117_22weeks/Contrast2,M117_contrast_00002_00001.tif
151,coh2,w11,ses1_20210914,M24,contrast,/mnt/Toshiba-16TB_2/Mecp2_cohort2_11wks raw and processed/M24_Mecp2only_3mm/RAW/Contrast,Contrast_M24_00001_00001.tif
152,coh2,w11,ses1_20210914,M24,DR,/mnt/Toshiba-16TB_2/Mecp2_cohort2_11wks raw and processed/M24_Mecp2only_3mm/RAW/DR,DR_M24_00001_00001.tif
153,coh2,w11,ses1_20210914,M24,OR,/mnt/Toshiba-16TB_2/Mecp2_cohort2_11wks raw and processed/M24_Mecp2only_3mm/RAW/OR,OR_M24_00001_00001.tif
154,coh2,w11,ses1_20210914,M24,OO,/mnt/Toshiba-16TB_2/Mecp2_cohort2_11wks raw and processed/M24_Mecp2only_3mm/RAW/OO,OO_M24_00001_00001.tif
155,coh2,w11,ses1_20210914,M24,RF,/mnt/Toshiba-16TB_2/Mecp2_cohort2_11wks raw and processed/M24_Mecp2only_3mm/RAW/RF,RF_M24_00001_00001.tif
156,coh2,w11,ses1_20210914,M24,TF,/mnt/Toshiba-16TB_2/Mecp2_cohort2_11wks raw and processed/M24_Mecp2only_3mm/RAW/TF,TF_M24_00001_00001.tif
157,coh2,w11,ses1_20210914,M24,SF,/mnt/Toshiba-16TB_2/Mecp2_cohort2_11wks raw and processed/M24_Mecp2only_3mm/RAW/SF,SF_M24_00001_00001.tif
158,coh2,w11,ses1_20211103,M73,contrast,/mnt/Toshiba-16TB_2/Mecp2_cohort2_11wks raw and processed/M73_male/11032021/Contrast,contrast_M73_00001_00001.tif
159,coh2,w11,ses1_20211103,M73,DR,/mnt/Toshiba-16TB_2/Mecp2_cohort2_11wks raw and processed/M73_male/11032021/DR,DR_M73_00001_00001.tif
160,coh2,w11,ses1_20211103,M73,OR,/mnt/Toshiba-16TB_2/Mecp2_cohort2_11wks raw and processed/M73_male/11032021/OR,OR_M73_00001_00001.tif
161,coh2,w11,ses1_20211103,M73,OO,/mnt/Toshiba-16TB_2/Mecp2_cohort2_11wks raw and processed/M73_male/11032021/OO,OO_M73_00001_00001.tif
162,coh2,w11,ses1_20211103,M73,RF,/mnt/Toshiba-16TB_2/Mecp2_cohort2_11wks raw and processed/M73_male/11032021/RF,RF_M73_00001_00001.tif
163,coh2,w11,ses1_20211103,M73,TF,/mnt/Toshiba-16TB_2/Mecp2_cohort2_11wks raw and processed/M73_male/11032021/TF,TF_M73_00001_00001.tif
164,coh2,w11,ses1_20211103,M73,SF,/mnt/Toshiba-16TB_2/Mecp2_cohort2_11wks raw and processed/M73_male/11032021/SF,SF_M73_00001_00001.tif
165,coh2,w11,ses1_20211104,M75,contrast,/mnt/Toshiba-16TB_2/Mecp2_cohort2_11wks raw and processed/M75/Contrast,contrast_M75__00001_00001.tif
166,coh2,w11,ses1_20211104,M75,DR,/mnt/Toshiba-16TB_2/Mecp2_cohort2_11wks raw and processed/M75/DR,DR_M75__00001_00001.tif
167,coh2,w11,ses1_20211104,M75,OR,/mnt/Toshiba-16TB_2/Mecp2_cohort2_11wks raw and processed/M75/OR,OR_M75__00001_00001.tif
168,coh2,w11,ses1_20211104,M75,OO,/mnt/Toshiba-16TB_2/Mecp2_cohort2_11wks raw and processed/M75/OO,OO_M75__00001_00001.tif
169,coh2,w11,ses1_20211104,M75,RF,/mnt/Toshiba-16TB_2/Mecp2_cohort2_11wks raw and processed/M75/RF,RF_M75__00001_00001.tif
170,coh2,w11,ses1_20211104,M75,TF,/mnt/Toshiba-16TB_2/Mecp2_cohort2_11wks raw and processed/M75/TF,TF_M75__00001_00001.tif
171,coh2,w11,ses1_20211104,M75,SF,/mnt/Toshiba-16TB_2/Mecp2_cohort2_11wks raw and processed/M75/SF,SF_M75__00001_00001.tif
172,coh2,w11,ses1_20211029,M77,contrast,/mnt/Toshiba-16TB_2/Mecp2_cohort2_11wks raw and processed/M77/10292021/contrast,Contrast_M77_00001_00001.tif
173,coh2,w11,ses2_20211105,M77,contrast,/mnt/Toshiba-16TB_2/Mecp2_cohort2_11wks raw and processed/M77/11052021-step2/contrast/,Contrast_M77step2_00001_00001.tif
174,coh2,w11,ses3_20211106,M77,contrast,/mnt/Toshiba-16TB_2/Mecp2_cohort2_11wks raw and processed/M77/11062021_step2/contrast/,contrast_M77step2_00001_00001.tif
175,coh2,w11,ses1_20211029,M77,DR,/mnt/Toshiba-16TB_2/Mecp2_cohort2_11wks raw and processed/M77/10292021/DR,DR_M77_00001_00001.tif
176,coh2,w11,ses3_20211106,M77,DR,/mnt/Toshiba-16TB_2/Mecp2_cohort2_11wks raw and processed/M77/11062021_step2/DR,DR_M77step2_00001_00001.tif
177,coh2,w11,ses3_20211106,M77,OR,/mnt/Toshiba-16TB_2/Mecp2_cohort2_11wks raw and processed/M77/11062021_step2/OR,OR_M77step2_00001_00001.tif
178,coh2,w11,ses3_20211106,M77,OR2,/mnt/Toshiba-16TB_2/Mecp2_cohort2_11wks raw and processed/M77/11062021_step2/OR_2,OR_M77step2_00002_00001.tif
179,coh2,w11,ses1_20211029,M77,OR,/mnt/Toshiba-16TB_2/Mecp2_cohort2_11wks raw and processed/M77/10292021/OR,OR_M77_00001_00001.tif
180,coh2,w11,ses1_20211029,M77,RF,/mnt/Toshiba-16TB_2/Mecp2_cohort2_11wks raw and processed/M77/10292021/RF,RF_M77_00001_00001.tif
181,coh2,w11,ses1_20211029,M77,TF,/mnt/Toshiba-16TB_2/Mecp2_cohort2_11wks raw and processed/M77/10292021/TF,TF_M77_00001_00001.tif
182,coh2,w11,ses1_20211029,M77,SF,/mnt/Toshiba-16TB_2/Mecp2_cohort2_11wks raw and processed/M77/10292021/SF,SF_M77_00001_00001.tif
183,coh2,w11,ses3_20211106,M77,OO,/mnt/Toshiba-16TB_2/Mecp2_cohort2_11wks raw and processed/M77/11062021_step2/OO,OO_M77step2_00001_00001.tif
184,coh2,w11,ses3_20211106,M77,RF,/mnt/Toshiba-16TB_2/Mecp2_cohort2_11wks raw and processed/M77/11062021_step2/RF,RF_M77step2_00001_00001.tif
185,coh2,w11,ses3_20211106,M77,TF,/mnt/Toshiba-16TB_2/Mecp2_cohort2_11wks raw and processed/M77/11062021_step2/TF,RF_M77step2_00002_00001.tif
186,coh2,w11,ses3_20211106,M77,SF,/mnt/Toshiba-16TB_2/Mecp2_cohort2_11wks raw and processed/M77/11062021_step2/SF,SF_M77step2_00001_00001.tif
187,coh2,w11,ses1_20211101,M78,contrast,/mnt/Toshiba-16TB_2/Mecp2_cohort2_11wks raw and processed/M78/11012021/Contrast,Contrast_M78__00001_00001.tif
188,coh2,w11,ses1_20211101,M78,DR,/mnt/Toshiba-16TB_2/Mecp2_cohort2_11wks raw and processed/M78/11012021/DR,DR_M78__00001_00001.tif
189,coh2,w11,ses1_20211101,M78,OR,/mnt/Toshiba-16TB_2/Mecp2_cohort2_11wks raw and processed/M78/11012021/OR,OR_M78__00001_00001.tif
190,coh2,w11,ses1_20211101,M78,OO,/mnt/Toshiba-16TB_2/Mecp2_cohort2_11wks raw and processed/M78/11012021/OO,OO_M78__00001_00001.tif
191,coh2,w11,ses1_20211101,M78,RF,/mnt/Toshiba-16TB_2/Mecp2_cohort2_11wks raw and processed/M78/11012021/RF,RF_M78__00001_00001.tif
192,coh2,w11,ses1_20211101,M78,TF,/mnt/Toshiba-16TB_2/Mecp2_cohort2_11wks raw and processed/M78/11012021/TF,TF_M78__00001_00001.tif
193,coh2,w11,ses1_20211101,M78,SF,/mnt/Toshiba-16TB_2/Mecp2_cohort2_11wks raw and processed/M78/11012021/SF,SF_M78__00001_00001.tif
194,coh2,w11,ses1_20211026,M81,contrast,/mnt/Toshiba-16TB_2/Mecp2_cohort2_11wks raw and processed/M81/10262021/contrast,Contrast_M81__00001_00001.tif
195,coh2,w11,ses1_20211026,M81,OR,/mnt/Toshiba-16TB_2/Mecp2_cohort2_11wks raw and processed/M81/10262021/OR,OR_M81__00001_00001.tif
196,coh2,w11,ses1_20211026,M81,OO,/mnt/Toshiba-16TB_2/Mecp2_cohort2_11wks raw and processed/M81/10262021/OO,OO_M81__00001_00001.tif
197,coh2,w11,ses1_20211026,M81,RF,/mnt/Toshiba-16TB_2/Mecp2_cohort2_11wks raw and processed/M81/10262021/rF,RF_M81__00001_00001.tif
198,coh2,w11,ses1_20211026,M81,TF,/mnt/Toshiba-16TB_2/Mecp2_cohort2_11wks raw and processed/M81/10262021/TF,TF_M81__00001_00001.tif
199,coh2,w11,ses1_20211026,M81,SF,/mnt/Toshiba-16TB_2/Mecp2_cohort2_11wks raw and processed/M81/10262021/SF,SF_M81__00001_00001.tif
200,coh2,w11,ses1_20211026,M81,DR,/mnt/Toshiba-16TB_2/Mecp2_cohort2_11wks raw and processed/M81/10262021/DR,DR_M81__00001_00001.tif
201,coh2,w11,ses2_20211027,M81,contrast,/mnt/Toshiba-16TB_2/Mecp2_cohort2_11wks raw and processed/M81/10272021_step2/contrast,Contrast_M81step2_00001_00001.tif
202,coh2,w11,ses2_20211027,M81,DR,/mnt/Toshiba-16TB_2/Mecp2_cohort2_11wks raw and processed/M81/10272021_step2/DR1,DR_M81step2_00001_00001.tif
203,coh2,w11,ses2_20211027,M81,DR2,/mnt/Toshiba-16TB_2/Mecp2_cohort2_11wks raw and processed/M81/10272021_step2/DR2,DR_M81step2_00002_00001.tif
204,coh2,w11,ses2_20211027,M81,OR,/mnt/Toshiba-16TB_2/Mecp2_cohort2_11wks raw and processed/M81/10272021_step2/OR,OR_M81step2_00001_00001.tif
205,coh2,w11,ses2_20211027,M81,OO,/mnt/Toshiba-16TB_2/Mecp2_cohort2_11wks raw and processed/M81/10272021_step2/OO,OO_M81step2_00001_00001.tif
206,coh2,w11,ses2_20211027,M81,RF,/mnt/Toshiba-16TB_2/Mecp2_cohort2_11wks raw and processed/M81/10272021_step2/RF,RF_M81step2_00001_00001.tif
207,coh2,w11,ses2_20211027,M81,TF,/mnt/Toshiba-16TB_2/Mecp2_cohort2_11wks raw and processed/M81/10272021_step2/TF,TF_M81step2_00001_00001.tif
208,coh2,w11,ses2_20211027,M81,SF,/mnt/Toshiba-16TB_2/Mecp2_cohort2_11wks raw and processed/M81/10272021_step2/SF,SF_M81step2_00001_00001.tif
209,coh2,w11,ses3_20211028,M81,contrast,/mnt/Toshiba-16TB_2/Mecp2_cohort2_11wks raw and processed/M81/10282021_step3/contrast,Contrast_M81Step3__00001_00001.tif
210,coh2,w11,ses3_20211028,M81,DR,/mnt/Toshiba-16TB_2/Mecp2_cohort2_11wks raw and processed/M81/10282021_step3/DR,DR_M81step3__00001_00001.tif
211,coh2,w11,ses3_20211028,M81,OR,/mnt/Toshiba-16TB_2/Mecp2_cohort2_11wks raw and processed/M81/10282021_step3/OR,OR_M81step3__00001_00001.tif
212,coh2,w11,ses3_20211028,M81,OO,/mnt/Toshiba-16TB_2/Mecp2_cohort2_11wks raw and processed/M81/10282021_step3/OO,OO_M81step3__00001_00001.tif
213,coh2,w11,ses3_20211028,M81,RF1,/mnt/Toshiba-16TB_2/Mecp2_cohort2_11wks raw and processed/M81/10282021_step3/RF1,RF_M81step3__00001_00001.tif
214,coh2,w11,ses3_20211028,M81,RF2,/mnt/Toshiba-16TB_2/Mecp2_cohort2_11wks raw and processed/M81/10282021_step3/RF2,RF_M81step3__00002_00001.tif
215,coh2,w11,ses3_20211028,M81,TF,/mnt/Toshiba-16TB_2/Mecp2_cohort2_11wks raw and processed/M81/10282021_step3/TF,TF_M81step3__00001_00001.tif
216,coh2,w11,ses3_20211028,M81,SF,/mnt/Toshiba-16TB_2/Mecp2_cohort2_11wks raw and processed/M81/10282021_step3/SF,SF_M81step3__00001_00001.tif
217,coh2,w11,ses1_20220103,M145,contrast,/mnt/Toshiba-16TB_2/Mecp2_cohort2_11wks raw and processed/M145/20220103/contrast,M145_contrast_00001_00001.tif
218,coh2,w11,ses1_20220103,M145,DR,/mnt/Toshiba-16TB_2/Mecp2_cohort2_11wks raw and processed/M145/20220103/DR,M145_DR_00001_00001.tif
219,coh2,w11,ses1_20220103,M145,OR,/mnt/Toshiba-16TB_2/Mecp2_cohort2_11wks raw and processed/M145/20220103/OR,M145_OR_00001_00001.tif
220,coh2,w11,ses1_20220103,M145,OO,/mnt/Toshiba-16TB_2/Mecp2_cohort2_11wks raw and processed/M145/20220103/OO,M145_OO_00001_00001.tif
221,coh2,w11,ses1_20220103,M145,RF,/mnt/Toshiba-16TB_2/Mecp2_cohort2_11wks raw and processed/M145/20220103/RF,M145_RF_00001_00001.tif
222,coh2,w11,ses1_20220103,M145,TF,/mnt/Toshiba-16TB_2/Mecp2_cohort2_11wks raw and processed/M145/20220103/TF,M145_TF_00001_00001.tif
223,coh2,w11,ses1_20220103,M145,SF,/mnt/Toshiba-16TB_2/Mecp2_cohort2_11wks raw and processed/M145/20220103/SF,M145_TF_00001_00001.tif
224,coh2,w11,ses2_20220104,M145,contrast,/mnt/Toshiba-16TB_2/Mecp2_cohort2_11wks raw and processed/M145/20220104_group2/Contrast,M145_contrast_00001_00001.tif
225,coh2,w11,ses2_20220104,M145,DR,/mnt/Toshiba-16TB_2/Mecp2_cohort2_11wks raw and processed/M145/20220104_group2/DR,M145_DR_00001_00001.tif
226,coh2,w11,ses2_20220104,M145,OR,/mnt/Toshiba-16TB_2/Mecp2_cohort2_11wks raw and processed/M145/20220104_group2/OR,M145_OR_00001_00001.tif
227,coh2,w11,ses2_20220104,M145,OO,/mnt/Toshiba-16TB_2/Mecp2_cohort2_11wks raw and processed/M145/20220104_group2/OO,M145_OO_00001_00001.tif
228,coh2,w11,ses2_20220104,M145,RF,/mnt/Toshiba-16TB_2/Mecp2_cohort2_11wks raw and processed/M145/20220104_group2/RF,M145_RF_00001_00001.tif
229,coh2,w11,ses2_20220104,M145,TF,/mnt/Toshiba-16TB_2/Mecp2_cohort2_11wks raw and processed/M145/20220104_group2/TF,M145_TF_00001_00001.tif
230,coh2,w11,ses2_20220104,M145,SF,/mnt/Toshiba-16TB_2/Mecp2_cohort2_11wks raw and processed/M145/20220104_group2/SF,M145_SF_00001_00001.tif
231,coh2,w11,ses1_20220131,M148,contrast,/mnt/Toshiba-16TB_2/Mecp2_cohort2_11wks raw and processed/M148/20220131_group1/contrast2,M148_Contrast_00001_00001.tif
232,coh2,w11,ses1_20220131,M148,DR,/mnt/Toshiba-16TB_2/Mecp2_cohort2_11wks raw and processed/M148/20220131_group1/DR,M148_DR_00001_00001.tif
233,coh2,w11,ses1_20220131,M148,OR,/mnt/Toshiba-16TB_2/Mecp2_cohort2_11wks raw and processed/M148/20220131_group1/OR,M148_OR_00002_00001.tif
234,coh2,w11,ses1_20220131,M148,OO,/mnt/Toshiba-16TB_2/Mecp2_cohort2_11wks raw and processed/M148/20220131_group1/OO,M148_OO_00001_00001.tif
235,coh2,w11,ses1_20220131,M148,RF,/mnt/Toshiba-16TB_2/Mecp2_cohort2_11wks raw and processed/M148/20220131_group1/RF,M148_RF_00001_00001.tif
236,coh2,w11,ses1_20220131,M148,TF,/mnt/Toshiba-16TB_2/Mecp2_cohort2_11wks raw and processed/M148/20220131_group1/TF,M148_TF_00001_00001.tif
237,coh2,w11,ses1_20220131,M148,SF,/mnt/Toshiba-16TB_2/Mecp2_cohort2_11wks raw and processed/M148/20220131_group1/SF,M148_SF_00001_00001.tif
238,coh2,w11,ses1_20220131,M148,SF2,/mnt/Toshiba-16TB_2/Mecp2_cohort2_11wks raw and processed/M148/20220131_group1/SF2,M148_SF_00001_00001.tif
239,coh2,w11,ses2_20220201,M148,contrast,/mnt/Toshiba-16TB_2/Mecp2_cohort2_11wks raw and processed/M148/20200201_group2_50umbelowgroup1/contrast,M148_contrast_00001_00001.tif
240,coh2,w11,ses2_20220201,M148,DR,/mnt/Toshiba-16TB_2/Mecp2_cohort2_11wks raw and processed/M148/20200201_group2_50umbelowgroup1/DR,M148_DR_00001_00001.tif
241,coh2,w11,ses2_20220201,M148,OR,/mnt/Toshiba-16TB_2/Mecp2_cohort2_11wks raw and processed/M148/20200201_group2_50umbelowgroup1/OR,M148_OR_00002_00001.tif
242,coh2,w11,ses2_20220201,M148,OO,/mnt/Toshiba-16TB_2/Mecp2_cohort2_11wks raw and processed/M148/20200201_group2_50umbelowgroup1/OO,M148_OO_00001_00001.tif
243,coh2,w11,ses2_20220201,M148,RF,/mnt/Toshiba-16TB_2/Mecp2_cohort2_11wks raw and processed/M148/20200201_group2_50umbelowgroup1/RF,M148_RF_00001_00001.tif
244,coh2,w11,ses2_20220201,M148,TF,/mnt/Toshiba-16TB_2/Mecp2_cohort2_11wks raw and processed/M148/20200201_group2_50umbelowgroup1/TF,M148_TF_00001_00001.tif
245,coh2,w11,ses2_20220201,M148,SF,/mnt/Toshiba-16TB_2/Mecp2_cohort2_11wks raw and processed/M148/20200201_group2_50umbelowgroup1/SF,M148_SF_00001_00001.tif
246,coh2,w11,ses3_20220202,M148,contrast,/mnt/Toshiba-16TB_2/Mecp2_cohort2_11wks raw and processed/M148/20220202_group3/contrast_named DR,M148_DR_00001_00001.tif
247,coh2,w11,ses3_20220202,M148,DR,/mnt/Toshiba-16TB_2/Mecp2_cohort2_11wks raw and processed/M148/20220202_group3/DR,M148_DR_00001_00001.tif
248,coh2,w11,ses3_20220202,M148,OR,/mnt/Toshiba-16TB_2/Mecp2_cohort2_11wks raw and processed/M148/20220202_group3/OR,M148_OR_00001_00001.tif
249,coh2,w11,ses3_20220202,M148,OO,/mnt/Toshiba-16TB_2/Mecp2_cohort2_11wks raw and processed/M148/20220202_group3/OO,M148_OO_00001_00001.tif
250,coh2,w11,ses3_20220202,M148,RF,/mnt/Toshiba-16TB_2/Mecp2_cohort2_11wks raw and processed/M148/20220202_group3/RF,M148_RF_00001_00001.tif
251,coh2,w11,ses3_20220202,M148,TF,/mnt/Toshiba-16TB_2/Mecp2_cohort2_11wks raw and processed/M148/20220202_group3/TF,M148_TF_00001_00001.tif
252,coh2,w11,ses3_20220202,M148,SF,/mnt/Toshiba-16TB_2/Mecp2_cohort2_11wks raw and processed/M148/20220202_group3/SF,M148_SF_00001_00001.tif
253,coh2,w11,ses1_20220126,M149,contrast,/mnt/Toshiba-16TB_2/Mecp2_cohort2_11wks raw and processed/M149/20220126_group1/Contrast/,M149group1_contrast_00001_00001.tif
254,coh2,w11,ses1_20220126,M149,DR,/mnt/Toshiba-16TB_2/Mecp2_cohort2_11wks raw and processed/M149/20220126_group1/DR,M149group1_DR_00001_00001.tif
255,coh2,w11,ses1_20220126,M149,OR,/mnt/Toshiba-16TB_2/Mecp2_cohort2_11wks raw and processed/M149/20220126_group1/OR,M149group1_OR_00001_00001.tif
256,coh2,w11,ses1_20220126,M149,OO,/mnt/Toshiba-16TB_2/Mecp2_cohort2_11wks raw and processed/M149/20220126_group1/OO,M149group1_OO_00001_00001.tif
257,coh2,w11,ses1_20220126,M149,RF,/mnt/Toshiba-16TB_2/Mecp2_cohort2_11wks raw and processed/M149/20220126_group1/RF,M149group1_RF_00001_00001.tif
258,coh2,w11,ses1_20220126,M149,TF,/mnt/Toshiba-16TB_2/Mecp2_cohort2_11wks raw and processed/M149/20220126_group1/TF,M149group1_TF_00001_00001.tif
259,coh2,w11,ses1_20220126,M149,SF,/mnt/Toshiba-16TB_2/Mecp2_cohort2_11wks raw and processed/M149/20220126_group1/SF,M149group1_SF_00001_00001.tif
260,coh2,w11,ses1_20220126,M149,SF2,/mnt/Toshiba-16TB_2/Mecp2_cohort2_11wks raw and processed/M149/20220126_group1/SF2,M149group1_sf2_00001_00001.tif
261,coh2,w11,ses2_20220127,M149,contrast,/mnt/Toshiba-16TB_2/Mecp2_cohort2_11wks raw and processed/M149/20220127_group2_210um/Contrast/,M149group2_Contrast_00001_00001.tif
262,coh2,w11,ses2_20220127,M149,DR,/mnt/Toshiba-16TB_2/Mecp2_cohort2_11wks raw and processed/M149/20220127_group2_210um/DR,M149group2_DR_00001_00001.tif
263,coh2,w11,ses2_20220127,M149,OR,/mnt/Toshiba-16TB_2/Mecp2_cohort2_11wks raw and processed/M149/20220127_group2_210um/OR,M149group2_OR_00001_00001.tif
264,coh2,w11,ses2_20220127,M149,OO,/mnt/Toshiba-16TB_2/Mecp2_cohort2_11wks raw and processed/M149/20220127_group2_210um/OO,M149group2_OO_00001_00001.tif
265,coh2,w11,ses2_20220127,M149,RF,/mnt/Toshiba-16TB_2/Mecp2_cohort2_11wks raw and processed/M149/20220127_group2_210um/RF,M149group2_RF_00001_00001.tif
266,coh2,w11,ses2_20220127,M149,TF,/mnt/Toshiba-16TB_2/Mecp2_cohort2_11wks raw and processed/M149/20220127_group2_210um/TF,M149group2_TF_00001_00001.tif
267,coh2,w11,ses2_20220127,M149,SF,/mnt/Toshiba-16TB_2/Mecp2_cohort2_11wks raw and processed/M149/20220127_group2_210um/SF,M149group2_SF_00001_00001.tif
268,coh2,w11,ses3_20220128,M149,contrast,/mnt/Toshiba-16TB_2/Mecp2_cohort2_11wks raw and processed/M149/20220128_group3_layer23_5ROIs/Contrast/,M149group3_Contrast_00001_00001.tif
269,coh2,w11,ses3_20220128,M149,DR,/mnt/Toshiba-16TB_2/Mecp2_cohort2_11wks raw and processed/M149/20220128_group3_layer23_5ROIs/DR,M149group3_DR_00001_00001.tif
270,coh2,w11,ses3_20220128,M149,DR2,/mnt/Toshiba-16TB_2/Mecp2_cohort2_11wks raw and processed/M149/20220128_group3_layer23_5ROIs/DR2,M149group3_DR_00001_00001.tif
271,coh2,w11,ses3_20220128,M149,OR,/mnt/Toshiba-16TB_2/Mecp2_cohort2_11wks raw and processed/M149/20220128_group3_layer23_5ROIs/OR,M149group3_OR_00001_00001.tif
272,coh2,w11,ses3_20220128,M149,OO,/mnt/Toshiba-16TB_2/Mecp2_cohort2_11wks raw and processed/M149/20220128_group3_layer23_5ROIs/OO,M149group3_OO_00001_00001.tif
273,coh2,w11,ses3_20220128,M149,RF,/mnt/Toshiba-16TB_2/Mecp2_cohort2_11wks raw and processed/M149/20220128_group3_layer23_5ROIs/RF,M149group3_RF_00001_00001.tif
274,coh2,w11,ses3_20220128,M149,TF,/mnt/Toshiba-16TB_2/Mecp2_cohort2_11wks raw and processed/M149/20220128_group3_layer23_5ROIs/TF,M149group3_TF_00001_00001.tif
275,coh2,w11,ses3_20220128,M149,SF,/mnt/Toshiba-16TB_2/Mecp2_cohort2_11wks raw and processed/M149/20220128_group3_layer23_5ROIs/SF,M149group3_SF_00001_00001.tif
276,coh2,w11,ses1_20220216,M156,contrast,/mnt/Toshiba-16TB_2/Mecp2_cohort2_11wks raw and processed/M156_11weeks/contrast1/,M156_contrast_00001_00001.tif
277,coh2,w11,ses2_20220217,M156,contrast,/mnt/Toshiba-16TB_2/Mecp2_cohort2_11wks raw and processed/M156_11weeks/contrast2,M156_contrast_00002_00001.tif
278,coh2,w11,ses1_20220216,M156,DR,/mnt/Toshiba-16TB_2/Mecp2_cohort2_11wks raw and processed/M156_11weeks/DR,M156_DR_00001_00001.tif
279,coh2,w11,ses1_20220216,M156,OR,/mnt/Toshiba-16TB_2/Mecp2_cohort2_11wks raw and processed/M156_11weeks/OR,M156_spon_00001_00001.tif
280,coh2,w11,ses2_20220217,M156,OO,/mnt/Toshiba-16TB_2/Mecp2_cohort2_11wks raw and processed/M156_11weeks/OO,M156_OO_00001_00001.tif
281,coh2,w11,ses1_20220216,M156,RF,/mnt/Toshiba-16TB_2/Mecp2_cohort2_11wks raw and processed/M156_11weeks/RF,M156_RF_00001_00001.tif
282,coh2,w11,ses2_20220217,M156,RF,/mnt/Toshiba-16TB_2/Mecp2_cohort2_11wks raw and processed/M156_11weeks/RF2_nextday,M156_RF_00001_00001.tif
283,coh2,w11,ses2_20220217,M156,TF,/mnt/Toshiba-16TB_2/Mecp2_cohort2_11wks raw and processed/M156_11weeks/TF,M156_TF_00001_00001.tif
284,coh2,w11,ses2_20220217,M156,SF,/mnt/Toshiba-16TB_2/Mecp2_cohort2_11wks raw and processed/M156_11weeks/SF,M156_SF_00001_00001.tif
285,coh2,w11,ses1_20220218,M159,contrast,/mnt/Toshiba-16TB_2/Mecp2_cohort2_11wks raw and processed/M159_11weeks/M159_20220218/Contrast/,M159_contrast_00001_00001.tif
286,coh2,w11,ses1_20220218,M159,DR,/mnt/Toshiba-16TB_2/Mecp2_cohort2_11wks raw and processed/M159_11weeks/M159_20220218/DR,M159_DR_00001_00001.tif
287,coh2,w11,ses1_20220218,M159,OR,/mnt/Toshiba-16TB_2/Mecp2_cohort2_11wks raw and processed/M159_11weeks/M159_20220218/OR,M159_OR_00002_00001.tif
288,coh2,w11,ses1_20220218,M159,OO,/mnt/Toshiba-16TB_2/Mecp2_cohort2_11wks raw and processed/M159_11weeks/M159_20220218/OO,M159_OO_00001_00001.tif
289,coh2,w11,ses1_20220218,M159,RF,/mnt/Toshiba-16TB_2/Mecp2_cohort2_11wks raw and processed/M159_11weeks/M159_20220218/RF,M159_RF_00002_00001.tif
290,coh2,w11,ses1_20220218,M159,TF,/mnt/Toshiba-16TB_2/Mecp2_cohort2_11wks raw and processed/M159_11weeks/M159_20220218/TF,M159_TF_00001_00001.tif
291,coh2,w11,ses1_20220218,M159,SF,/mnt/Toshiba-16TB_2/Mecp2_cohort2_11wks raw and processed/M159_11weeks/M159_20220218/SF,M159_SF_00001_00001.tif
292,coh2,w11,ses2_20220223,M159,contrast,/mnt/Toshiba-16TB_2/Mecp2_cohort2_11wks raw and processed/M159_11weeks/M159_group2_20220223/contrast/,M159_contrast_00001_00001.tif
293,coh2,w11,ses2_20220223,M159,DR,/mnt/Toshiba-16TB_2/Mecp2_cohort2_11wks raw and processed/M159_11weeks/M159_group2_20220223/DR,M159_DR_00001_00001.tif
294,coh2,w11,ses2_20220223,M159,OR,/mnt/Toshiba-16TB_2/Mecp2_cohort2_11wks raw and processed/M159_11weeks/M159_group2_20220223/OR,M159_OR_00001_00001.tif
295,coh2,w11,ses2_20220223,M159,OO,/mnt/Toshiba-16TB_2/Mecp2_cohort2_11wks raw and processed/M159_11weeks/M159_group2_20220223/OO,M159_OO_00001_00001.tif
296,coh2,w11,ses2_20220223,M159,RF,/mnt/Toshiba-16TB_2/Mecp2_cohort2_11wks raw and processed/M159_11weeks/M159_group2_20220223/RF,M159_RF_00001_00001.tif
297,coh2,w11,ses2_20220223,M159,RF2,/mnt/Toshiba-16TB_2/Mecp2_cohort2_11wks raw and processed/M159_11weeks/M159_group2_20220223/RF106,M159_RF_00001_00001.tif
298,coh2,w11,ses2_20220223,M159,TF,/mnt/Toshiba-16TB_2/Mecp2_cohort2_11wks raw and processed/M159_11weeks/M159_group2_20220223/TF,M159_TF_00001_00001.tif
299,coh2,w11,ses2_20220223,M159,SF,/mnt/Toshiba-16TB_2/Mecp2_cohort2_11wks raw and processed/M159_11weeks/M159_group2_20220223/SF,M159_SF_00002_00001.tif
300,coh2,w22,ses1_20220328,M145,contrast,/mnt/Toshiba-16TB_2/Mecp2_cohort2_22wks raw and processed/M145_22weeks/20220328_22weeks/contrast,M145_contrast_00003_00001.tif
301,coh2,w22,ses1_20220328,M145,DR,/mnt/Toshiba-16TB_2/Mecp2_cohort2_22wks raw and processed/M145_22weeks/20220328_22weeks/DR,M145_DR_00001_00001.tif
302,coh2,w22,ses1_20220328,M145,OR,/mnt/Toshiba-16TB_2/Mecp2_cohort2_22wks raw and processed/M145_22weeks/20220328_22weeks/OR,M145_OR_00001_00001.tif
303,coh2,w22,ses1_20220328,M145,OO,/mnt/Toshiba-16TB_2/Mecp2_cohort2_22wks raw and processed/M145_22weeks/20220328_22weeks/OO,M145_OO_00001_00001.tif
304,coh2,w22,ses1_20220328,M145,RF,/mnt/Toshiba-16TB_2/Mecp2_cohort2_22wks raw and processed/M145_22weeks/20220328_22weeks/RF,M145_RF_00002_00001.tif
305,coh2,w22,ses1_20220328,M145,TF,/mnt/Toshiba-16TB_2/Mecp2_cohort2_22wks raw and processed/M145_22weeks/20220328_22weeks/TF,M145_TF_00001_00001.tif
306,coh2,w22,ses1_20220328,M145,SF,/mnt/Toshiba-16TB_2/Mecp2_cohort2_22wks raw and processed/M145_22weeks/20220328_22weeks/SF,M145_SF_00001_00001.tif
307,coh2,w22,ses1_20220419,M148,contrast,/mnt/Toshiba-16TB_2/Mecp2_cohort2_22wks raw and processed/m148_group1_timepoint2/M148_group1_20220419_2ndtimepoint/Contrast,M148_CONTRAST_00001_00001.tif
308,coh2,w22,ses1_20220419,M148,DR,/mnt/Toshiba-16TB_2/Mecp2_cohort2_22wks raw and processed/m148_group1_timepoint2/M148_group1_20220419_2ndtimepoint/DR,M148_dr_00001_00001.tif
309,coh2,w22,ses1_20220419,M148,OR,/mnt/Toshiba-16TB_2/Mecp2_cohort2_22wks raw and processed/m148_group1_timepoint2/M148_group1_20220419_2ndtimepoint/OR,M148_or_00001_00001.tif
310,coh2,w22,ses1_20220419,M148,OO,/mnt/Toshiba-16TB_2/Mecp2_cohort2_22wks raw and processed/m148_group1_timepoint2/M148_group1_20220419_2ndtimepoint/OO,M148_oo_00001_00001.tif
311,coh2,w22,ses1_20220419,M148,RF,/mnt/Toshiba-16TB_2/Mecp2_cohort2_22wks raw and processed/m148_group1_timepoint2/M148_group1_20220419_2ndtimepoint/rf,M148_rf_00001_00001.tif
312,coh2,w22,ses1_20220419,M148,TF,/mnt/Toshiba-16TB_2/Mecp2_cohort2_22wks raw and processed/m148_group1_timepoint2/M148_group1_20220419_2ndtimepoint/tf,M148_TF_00001_00001.tif
313,coh2,w22,ses1_20220419,M148,SF,/mnt/Toshiba-16TB_2/Mecp2_cohort2_22wks raw and processed/m148_group1_timepoint2/M148_group1_20220419_2ndtimepoint/sF,M148_sF_00001_00001.tif
314,coh2,w22,ses2_20220420,M148,contrast,/mnt/Toshiba-16TB_2/Mecp2_cohort2_22wks raw and processed/M148_group2_2ndtimepoint/contrast,M148_contrast_00001_00001.tif
315,coh2,w22,ses2_20220420,M148,contrast2,/mnt/Toshiba-16TB_2/Mecp2_cohort2_22wks raw and processed/M148_group2_2ndtimepoint/contrast2,M148_contrast2_00001_00001.tif
316,coh2,w22,ses2_20220420,M148,DR,/mnt/Toshiba-16TB_2/Mecp2_cohort2_22wks raw and processed/M148_group2_2ndtimepoint/DR,M148_dr_00001_00001.tif
317,coh2,w22,ses2_20220420,M148,OR,/mnt/Toshiba-16TB_2/Mecp2_cohort2_22wks raw and processed/M148_group2_2ndtimepoint/OR,M148_or_00001_00001.tif
318,coh2,w22,ses2_20220420,M148,OO,/mnt/Toshiba-16TB_2/Mecp2_cohort2_22wks raw and processed/M148_group2_2ndtimepoint/oo,M148_oo_00001_00001.tif
319,coh2,w22,ses2_20220420,M148,RF,/mnt/Toshiba-16TB_2/Mecp2_cohort2_22wks raw and processed/M148_group2_2ndtimepoint/rf,M148_rf_00001_00001.tif
320,coh2,w22,ses2_20220420,M148,TF,/mnt/Toshiba-16TB_2/Mecp2_cohort2_22wks raw and processed/M148_group2_2ndtimepoint/TF,M148_TF_00001_00001.tif
321,coh2,w22,ses2_20220420,M148,SF,/mnt/Toshiba-16TB_2/Mecp2_cohort2_22wks raw and processed/M148_group2_2ndtimepoint/SF,M148_SF_00001_00001.tif
322,coh2,w22,ses3_20220421,M148,contrast,/mnt/Toshiba-16TB_2/Mecp2_cohort2_22wks raw and processed/M148_group3_timepoint2/contrast,M148_contrast_00001_00001.tif
323,coh2,w22,ses3_20220421,M148,DR,/mnt/Toshiba-16TB_2/Mecp2_cohort2_22wks raw and processed/M148_group3_timepoint2/DR,M148_dr_00001_00001.tif
324,coh2,w22,ses3_20220421,M148,OR,/mnt/Toshiba-16TB_2/Mecp2_cohort2_22wks raw and processed/M148_group3_timepoint2/OR,M148_or_00002_00001.tif
325,coh2,w22,ses3_20220421,M148,OO,/mnt/Toshiba-16TB_2/Mecp2_cohort2_22wks raw and processed/M148_group3_timepoint2/OO,M148_OO_00001_00001.tif
326,coh2,w22,ses3_20220421,M148,RF,/mnt/Toshiba-16TB_2/Mecp2_cohort2_22wks raw and processed/M148_group3_timepoint2/RF,M148_RF_00001_00001.tif
327,coh2,w22,ses3_20220421,M148,TF,/mnt/Toshiba-16TB_2/Mecp2_cohort2_22wks raw and processed/M148_group3_timepoint2/TF,M148_TF_00001_00001.tif
328,coh2,w22,ses3_20220421,M148,SF,/mnt/Toshiba-16TB_2/Mecp2_cohort2_22wks raw and processed/M148_group3_timepoint2/SF,M148_SF_00001_00001.tif
329,coh2,w22,ses1_20220502,M149,contrast,/mnt/Toshiba-16TB_2/Mecp2_cohort2_22wks raw and processed/m149_GROUP1_22WEEKS/20220502_group1_22weeks/CONTRAST,M149_CONTRAST_00001_00001.tif
330,coh2,w22,ses1_20220502,M149,DR,/mnt/Toshiba-16TB_2/Mecp2_cohort2_22wks raw and processed/m149_GROUP1_22WEEKS/20220502_group1_22weeks/DR,M149_dr_00001_00001.tif
331,coh2,w22,ses1_20220502,M149,OR,/mnt/Toshiba-16TB_2/Mecp2_cohort2_22wks raw and processed/m149_GROUP1_22WEEKS/20220502_group1_22weeks/OR,M149_OR_00002_00001.tif
332,coh2,w22,ses1_20220502,M149,OO,/mnt/Toshiba-16TB_2/Mecp2_cohort2_22wks raw and processed/m149_GROUP1_22WEEKS/20220502_group1_22weeks/OO,M149_OO_00001_00001.tif
333,coh2,w22,ses1_20220502,M149,RF,/mnt/Toshiba-16TB_2/Mecp2_cohort2_22wks raw and processed/m149_GROUP1_22WEEKS/20220502_group1_22weeks/RF,M149_RF_00002_00001.tif
334,coh2,w22,ses1_20220502,M149,TF,/mnt/Toshiba-16TB_2/Mecp2_cohort2_22wks raw and processed/m149_GROUP1_22WEEKS/20220502_group1_22weeks/TF,M149_TF_00001_00001.tif
335,coh2,w22,ses1_20220502,M149,SF,/mnt/Toshiba-16TB_2/Mecp2_cohort2_22wks raw and processed/m149_GROUP1_22WEEKS/20220502_group1_22weeks/SF,M149_SF_00001_00001.tif
336,coh2,w22,ses1_20220502,M149,contrast2,/mnt/Toshiba-16TB_2/Mecp2_cohort2_22wks raw and processed/M149_timepoint2_cohort2/20220422_grou1_22 weeks/contrast,M149_contrast_00002_00001.tif
337,coh2,w22,ses1_20220502,M149,DR2,/mnt/Toshiba-16TB_2/Mecp2_cohort2_22wks raw and processed/M149_timepoint2_cohort2/20220422_grou1_22 weeks/DR,M149_DR_00001_00001.tif
338,coh2,w22,ses1_20220502,M149,OR2,/mnt/Toshiba-16TB_2/Mecp2_cohort2_22wks raw and processed/M149_timepoint2_cohort2/20220422_grou1_22 weeks/OR,M149_OR_00003_00001.tif
339,coh2,w22,ses2_20220503,M149,contrast,/mnt/Toshiba-16TB_2/Mecp2_cohort2_22wks raw and processed/M149_timepoint2_cohort2/20220503_group2_22weeks/contrast,M149_contrast_00001_00001.tif
340,coh2,w22,ses2_20220503,M149,DR,/mnt/Toshiba-16TB_2/Mecp2_cohort2_22wks raw and processed/M149_timepoint2_cohort2/20220503_group2_22weeks/DR,M149_DR_00001_00001.tif
341,coh2,w22,ses2_20220503,M149,OR,/mnt/Toshiba-16TB_2/Mecp2_cohort2_22wks raw and processed/M149_timepoint2_cohort2/20220503_group2_22weeks/OR,M149_or_00001_00001.tif
342,coh2,w22,ses2_20220503,M149,OO,/mnt/Toshiba-16TB_2/Mecp2_cohort2_22wks raw and processed/M149_timepoint2_cohort2/20220503_group2_22weeks/OO,M149_OO_00001_00001.tif
343,coh2,w22,ses2_20220503,M149,RF,/mnt/Toshiba-16TB_2/Mecp2_cohort2_22wks raw and processed/M149_timepoint2_cohort2/20220503_group2_22weeks/RF_moreimages,M149_RF_00001_00001.tif
344,coh2,w22,ses2_20220503,M149,TF,/mnt/Toshiba-16TB_2/Mecp2_cohort2_22wks raw and processed/M149_timepoint2_cohort2/20220503_group2_22weeks/TF,M149_TF_00001_00001.tif
345,coh2,w22,ses2_20220503,M149,SF,/mnt/Toshiba-16TB_2/Mecp2_cohort2_22wks raw and processed/M149_timepoint2_cohort2/20220503_group2_22weeks/SF,M149_SF_00001_00001.tif
346,coh2,w22,ses3_20220504,M149,contrast,/mnt/Toshiba-16TB_2/Mecp2_cohort2_22wks raw and processed/M149_timepoint2_cohort2/20220504-group3_timepoint2/contrast,M149_contrast_00001_00001.tif
347,coh2,w22,ses3_20220504,M149,DR,/mnt/Toshiba-16TB_2/Mecp2_cohort2_22wks raw and processed/M149_timepoint2_cohort2/20220504-group3_timepoint2/DR,M149_DR_00001_00001.tif
348,coh2,w22,ses3_20220504,M149,OR,/mnt/Toshiba-16TB_2/Mecp2_cohort2_22wks raw and processed/M149_timepoint2_cohort2/20220504-group3_timepoint2/OR,M149_OR_00002_00001.tif
349,coh2,w22,ses3_20220504,M149,OO,/mnt/Toshiba-16TB_2/Mecp2_cohort2_22wks raw and processed/M149_timepoint2_cohort2/20220504-group3_timepoint2/OO,M149_OO_00001_00001.tif
350,coh2,w22,ses3_20220504,M149,RF,/mnt/Toshiba-16TB_2/Mecp2_cohort2_22wks raw and processed/M149_timepoint2_cohort2/20220504-group3_timepoint2/RF,M149_RF_00001_00001.tif
351,coh2,w22,ses3_20220504,M149,TF,/mnt/Toshiba-16TB_2/Mecp2_cohort2_22wks raw and processed/M149_timepoint2_cohort2/20220504-group3_timepoint2/TF,M149_TF_00001_00001.tif
352,coh2,w22,ses3_20220504,M149,SF,/mnt/Toshiba-16TB_2/Mecp2_cohort2_22wks raw and processed/M149_timepoint2_cohort2/20220504-group3_timepoint2/SF,M149_SF_00001_00001.tif
353,coh2,w22,ses1_20220523,M156,contrast,/mnt/Toshiba-16TB_2/Mecp2_cohort2_22wks raw and processed/M156_24week/contrast,contrast_00002_00001.tif
354,coh2,w22,ses1_20220523,M156,DR,/mnt/Toshiba-16TB_2/Mecp2_cohort2_22wks raw and processed/M156_24week/DR,DR_00001_00001.tif
355,coh2,w22,ses1_20220523,M156,OR,/mnt/Toshiba-16TB_2/Mecp2_cohort2_22wks raw and processed/M156_24week/OR,OR_00001_00001.tif
356,coh2,w22,ses1_20220523,M156,OO,/mnt/Toshiba-16TB_2/Mecp2_cohort2_22wks raw and processed/M156_24week/oo,OO_00001_00001.tif
357,coh2,w22,ses1_20220523,M156,RF,/mnt/Toshiba-16TB_2/Mecp2_cohort2_22wks raw and processed/M156_24week/RF,RF_00001_00001.tif
358,coh2,w22,ses1_20220523,M156,TF,/mnt/Toshiba-16TB_2/Mecp2_cohort2_22wks raw and processed/M156_24week/TF,TF_00001_00001.tif
359,coh2,w22,ses1_20220523,M156,SF,/mnt/Toshiba-16TB_2/Mecp2_cohort2_22wks raw and processed/M156_24week/SF,SF_00001_00001.tif
360,coh2,w22,ses2_20220526,M156,contrast,/mnt/Toshiba-16TB_2/Mecp2_cohort2_22wks raw and processed/M156_24week_group2/Contrast,contrast_00001_00001.tif
361,coh2,w22,ses2_20220526,M156,DR,/mnt/Toshiba-16TB_2/Mecp2_cohort2_22wks raw and processed/M156_24week_group2/DR,DR_00001_00001.tif
362,coh2,w22,ses2_20220526,M156,OR,/mnt/Toshiba-16TB_2/Mecp2_cohort2_22wks raw and processed/M156_24week_group2/OR,OR_00001_00001.tif
363,coh2,w22,ses2_20220526,M156,OO,/mnt/Toshiba-16TB_2/Mecp2_cohort2_22wks raw and processed/M156_24week_group2/oo,OO_00001_00001.tif
364,coh2,w22,ses2_20220526,M156,RF,/mnt/Toshiba-16TB_2/Mecp2_cohort2_22wks raw and processed/M156_24week_group2/RF,RF_00001_00001.tif
365,coh2,w22,ses2_20220526,M156,TF,/mnt/Toshiba-16TB_2/Mecp2_cohort2_22wks raw and processed/M156_24week_group2/TF,TF_00002_00001.tif
366,coh2,w22,ses2_20220526,M156,SF,/mnt/Toshiba-16TB_2/Mecp2_cohort2_22wks raw and processed/M156_24week_group2/SF,SF_00001_00001.tif
367,coh2,w22,ses1_20220531,M159,contrast,/mnt/Toshiba-16TB_2/Mecp2_cohort2_22wks raw and processed/M159_group1_24weeks/contrast,contrast_00001_00001.tif
368,coh2,w22,ses1_20220531,M159,DR,/mnt/Toshiba-16TB_2/Mecp2_cohort2_22wks raw and processed/M159_group1_24weeks/DR,DR_00001_00001.tif
369,coh2,w22,ses1_20220531,M159,OR,/mnt/Toshiba-16TB_2/Mecp2_cohort2_22wks raw and processed/M159_group1_24weeks/OR,OR_00001_00001.tif
370,coh2,w22,ses1_20220531,M159,OO,/mnt/Toshiba-16TB_2/Mecp2_cohort2_22wks raw and processed/M159_group1_24weeks/OO,OO_00001_00001.tif
371,coh2,w22,ses1_20220531,M159,RF,/mnt/Toshiba-16TB_2/Mecp2_cohort2_22wks raw and processed/M159_group1_24weeks/RF,RF_00002_00001.tif
372,coh2,w22,ses1_20220531,M159,TF,/mnt/Toshiba-16TB_2/Mecp2_cohort2_22wks raw and processed/M159_group1_24weeks/TF,TF_00001_00001.tif
373,coh2,w22,ses1_20220531,M159,SF,/mnt/Toshiba-16TB_2/Mecp2_cohort2_22wks raw and processed/M159_group1_24weeks/SF,SF_00001_00001.tif
374,coh2,w22,ses2_20220601,M159,contrast,/mnt/Toshiba-16TB_2/Mecp2_cohort2_22wks raw and processed/M159_group2_24weeks/contrast,contrast_00001_00001.tif
375,coh2,w22,ses2_20220601,M159,DR,/mnt/Toshiba-16TB_2/Mecp2_cohort2_22wks raw and processed/M159_group2_24weeks/DR,DR_00001_00001.tif
376,coh2,w22,ses2_20220601,M159,OR,/mnt/Toshiba-16TB_2/Mecp2_cohort2_22wks raw and processed/M159_group2_24weeks/OR,OR_00001_00001.tif
377,coh2,w22,ses2_20220601,M159,OO,/mnt/Toshiba-16TB_2/Mecp2_cohort2_22wks raw and processed/M159_group2_24weeks/OO,OO_00001_00001.tif
378,coh2,w22,ses2_20220601,M159,RF,/mnt/Toshiba-16TB_2/Mecp2_cohort2_22wks raw and processed/M159_group2_24weeks/RF,RF_00002_00001.tif
379,coh2,w22,ses2_20220601,M159,TF,/mnt/Toshiba-16TB_2/Mecp2_cohort2_22wks raw and processed/M159_group2_24weeks/TF,TF_00001_00001.tif
380,coh2,w22,ses2_20220601,M159,SF,/mnt/Toshiba-16TB_2/Mecp2_cohort2_22wks raw and processed/M159_group2_24weeks/SF,SF_00001_00001.tif
381,coh2,w22,ses1_20211126,M24,contrast,/mnt/Toshiba_16TB_1/2.2 MeCP2 coh2 w22 M24/M24/20211126/contrast,M24_contrast_00001_00001.tif
382,coh2,w22,ses1_20211126,M24,DR,/mnt/Toshiba_16TB_1/2.2 MeCP2 coh2 w22 M24/M24/20211126/DR,M24_DR_00001_00001.tif
383,coh2,w22,ses1_20211126,M24,OR,/mnt/Toshiba_16TB_1/2.2 MeCP2 coh2 w22 M24/M24/20211126/OR,M24_OR_00001_00001.tif
384,coh2,w22,ses1_20211126,M24,OO,/mnt/Toshiba_16TB_1/2.2 MeCP2 coh2 w22 M24/M24/20211126/OO,M24_OO_00001_00001.tif
385,coh2,w22,ses1_20211126,M24,TF,/mnt/Toshiba_16TB_1/2.2 MeCP2 coh2 w22 M24/M24/20211126/TF,M24_TF_00001_00001.tif
386,coh2,w22,ses1_20211126,M24,SF,/mnt/Toshiba_16TB_1/2.2 MeCP2 coh2 w22 M24/M24/20211126/SF,M24_SF_00001_00001.tif
387,coh2,w22,ses1_20211126,M24,RF,/mnt/Toshiba_16TB_1/2.2 MeCP2 coh2 w22 M24/M24/20211126/RF,M24_RF_00001_00001.tif
388,coh3,w22,ses1_20230702,M415,contrast,/mnt/12TB_HDD_4/ThinkmateB_HDD4_Data/Stavroula/Project_Thy1_Tg1/Experiment 2-7-23/M415/Contrast/,M415_Contrast_00001_00001.tif
389,coh3,w22,ses1_20230802,M453,contrast,/mnt/12TB_HDD_4/ThinkmateB_HDD4_Data/Stavroula/Project_Thy1_Tg1/Experiment 2-8-23/M453/Contrast/,M453_Contrast_00001_00001.tif
390,coh3,w22,ses1_20230703,M422,contrast,/mnt/12TB_HDD_4/ThinkmateB_HDD4_Data/Stavroula/Project_Thy1_Tg1/Experiment 3-7-23/M422/Contrast/,M422_Contrast_00001_00001.tif
391,coh3,w22,ses1_20230704,M418,contrast,/mnt/12TB_HDD_4/ThinkmateB_HDD4_Data/Stavroula/Project_Thy1_Tg1/Experiment 4-7-23/M418/Contrast/,M418_Contrast_00001_00001.tif
392,coh3,w22,ses1_20230621,M416,contrast,/mnt/12TB_HDD_4/ThinkmateB_HDD4_Data/Stavroula/Project_Thy1_Tg1/Experiment 21-6-23/M416/Contrast/,M416_Contrast_00001_00001.tif
393,coh3,w22,ses1_20230626,M417,contrast,/mnt/12TB_HDD_4/ThinkmateB_HDD4_Data/Stavroula/Project_Thy1_Tg1/Experiment 26-6-23/M417/Contrast/,M417_Contrast_00001_00001.tif
394,coh3,w22,ses1_20230629,M420,contrast,/mnt/12TB_HDD_4/ThinkmateB_HDD4_Data/Stavroula/Project_Thy1_Tg1/Experiment 29-6-23/M420/Contrast/,M420_Contrast_00001_00001.tif
395,coh3,w22,ses1_20230622,M419,contrast,/mnt/12TB_HDD_4/ThinkmateB_HDD4_Data/Stavroula/Project_Thy1_Tg1/Experiment 22-6-23/M419/Contrast,M419_Contrast_00001_00001.tif
